{"initial_reset_timestamp": 1592986466.0572143, "timestamps": [1592986536.2444046, 1592986620.3837512, 1592986744.426021, 1592986840.1041982, 1592986948.3139493, 1592987010.3639631, 1592987088.518173, 1592987159.1848354, 1592987279.8402586, 1592987402.4744248, 1592987466.8259532, 1592987611.872062, 1592987718.0682023, 1592987842.2025747, 1592987925.6611955, 1592988050.3964746, 1592988167.2947052, 1592988284.9702308, 1592988399.7975078, 1592988483.3610504, 1592988568.3085783, 1592988672.898014, 1592988796.2212303, 1592988901.1518888, 1592989001.0817542, 1592989156.6661656, 1592989247.5452855, 1592989350.207993, 1592989466.2014823, 1592989564.0758843, 1592989721.7052393, 1592989832.8300245, 1592989946.5557678, 1592990053.799455, 1592990134.7775428, 1592990212.0128021, 1592990290.31456, 1592990374.3690836, 1592990456.510707, 1592990569.2395313, 1592990647.0299811, 1592990723.2414181, 1592990806.762837, 1592990867.9360106, 1592990986.3827393, 1592991068.1275327, 1592991183.7919834, 1592991245.3026001, 1592991322.2487392, 1592991400.2433732], "episode_lengths": [572, 693, 1016, 782, 883, 505, 633, 552, 935, 959, 500, 1119, 834, 959, 639, 963, 916, 927, 892, 654, 663, 819, 989, 863, 824, 1295, 762, 864, 974, 826, 1331, 934, 958, 899, 674, 644, 655, 700, 677, 927, 637, 622, 682, 498, 966, 663, 933, 494, 618, 624], "episode_rewards": [75.0, 110.0, 215.0, 210.0, 215.0, 30.0, 120.0, 105.0, 330.0, 195.0, 75.0, 185.0, 50.0, 40.0, 5.0, 5.0, 30.0, 10.0, 20.0, 15.0, 75.0, 180.0, 440.0, 180.0, 210.0, 315.0, 140.0, 210.0, 290.0, 210.0, 320.0, 460.0, 210.0, 40.0, 5.0, 15.0, 5.0, 50.0, 0.0, 30.0, 15.0, 60.0, 10.0, 0.0, 15.0, 25.0, 15.0, 0.0, 10.0, 5.0], "episode_types": ["t", "t", "t", "t", "t", "t", "t", "t", "t", "t", "t", "t", "t", "t", "t", "t", "t", "t", "t", "t", "t", "t", "t", "t", "t", "t", "t", "t", "t", "t", "t", "t", "t", "t", "t", "t", "t", "t", "t", "t", "t", "t", "t", "t", "t", "t", "t", "t", "t", "t"]}